[
  {
    "id": "c_jMNVzXdv7J",
    "fullName": "checking",
    "email": "checking@gmail.com",
    "message": "this is a message to check one last time",
    "createdAt": "2026-01-01T18:48:56.600Z"
  },
  {
    "id": "c_CQ_DfS6RWL",
    "fullName": "fafa",
    "email": "fafaf",
    "message": "fafafa",
    "createdAt": "2026-01-01T18:26:47.174Z"
  },
  {
    "id": "c_tCN7rxDbO0",
    "fullName": "afafa",
    "email": "hi@gmail.com",
    "message": "hope ure doing wle:?",
    "createdAt": "2026-01-01T18:25:18.170Z"
  },
  {
    "id": "c_9KdCR-7HVv",
    "fullName": "fafa",
    "email": "shadowfattie@gmail.com",
    "message": "hii manjusha",
    "createdAt": "2026-01-01T18:11:28.402Z"
  },
  {
    "id": "c_odtbsbUQ0L",
    "fullName": "fsfs",
    "email": "fssfsf",
    "message": "fsfsfs",
    "createdAt": "2026-01-01T18:10:50.788Z"
  },
  {
    "id": "c_SqfZLeTVu8",
    "fullName": "fsfs",
    "email": "fssfsf",
    "message": "fsfsfs",
    "createdAt": "2026-01-01T18:10:47.610Z"
  },
  {
    "id": "c_UczLLCc5JO",
    "fullName": "geetha",
    "email": "ganithamgeetha@gmail.com",
    "message": "hi manjusha how are u",
    "createdAt": "2026-01-01T17:51:10.377Z"
  },
  {
    "id": "c_6os66CW7sL",
    "fullName": "ganitham shadow",
    "email": "fattieshadow@gmail.com",
    "message": "hi shadow",
    "createdAt": "2026-01-01T15:50:08.975Z"
  },
  {
    "id": "c_aVz8VDDBsf",
    "fullName": "ganitham shado",
    "email": "fattieshadow@gmail.com",
    "message": "hi shadow",
    "createdAt": "2026-01-01T15:50:06.465Z"
  },
  {
    "id": "c_GqXiOVceHF",
    "fullName": "ganitham shado",
    "email": "fattieshadow@gmail.com",
    "message": "hi shadow",
    "createdAt": "2026-01-01T15:50:04.705Z"
  },
  {
    "id": "c_sIn2xfQqBH",
    "fullName": "gyanadhaa",
    "email": "shadowfattie@gmail.com",
    "message": "hi im gay",
    "createdAt": "2025-12-20T20:09:56.032Z"
  },
  {
    "id": "c_cUQduw_4jU",
    "fullName": "Ganitham Shadow",
    "email": "shadowfattie@gmail.com",
    "message": "Hey i hope youre doing well",
    "createdAt": "2025-12-15T19:03:49.553Z"
  },
  {
    "id": "c_NPFD_kSmTr",
    "fullName": "manjusha",
    "email": "mganitham@gmail.com",
    "message": "hey how are you",
    "createdAt": "2025-12-15T18:45:41.704Z"
  },
  {
    "id": "c_iBkI6fsaNz",
    "fullName": "manjusha",
    "email": "mganitham@gmail.com",
    "message": "hey how are you",
    "createdAt": "2025-12-15T18:45:39.869Z"
  }
]