[
  {
    "id": "o_B-uCsKSuid",
    "items": [
      {
        "id": "p1",
        "name": "Apple iPhone 15 (128GB)",
        "price": 58999,
        "image": "/uploads/iphone.jpg",
        "qty": 1
      }
    ],
    "customer": {
      "fullName": "manjushaaa",
      "phone": "8008508848",
      "email": "mganitham@gmail.com"
    },
    "address": {
      "line1": "Ladies hostel",
      "line2": "",
      "city": "Bangalore",
      "state": "Karnataka",
      "pincode": "517501"
    },
    "payment": {
      "method": "COD"
    },
    "status": "PLACED",
    "createdAt": "2026-01-01T18:49:46.406Z"
  },
  {
    "id": "o_0hgyhMXCfX",
    "items": [
      {
        "id": "p1",
        "name": "Apple iPhone 15 (128GB)",
        "price": 58999,
        "image": "/uploads/iphone.jpg",
        "qty": 1
      }
    ],
    "customer": {
      "fullName": "example",
      "phone": "1234456889",
      "email": "example"
    },
    "address": {
      "line1": "afaf",
      "line2": "afafa",
      "city": "fafa",
      "state": "fa",
      "pincode": "afafa"
    },
    "payment": {
      "method": "COD"
    },
    "status": "PLACED",
    "createdAt": "2026-01-01T18:34:00.951Z"
  },
  {
    "id": "o_RNG8OyFeD2",
    "items": [
      {
        "id": "p1",
        "name": "Apple iPhone 15 (128GB)",
        "price": 58999,
        "image": "/uploads/iphone.jpg",
        "qty": 1
      }
    ],
    "customer": {
      "fullName": "fsfs",
      "phone": "1234567890",
      "email": "mganitham@gmail.com"
    },
    "address": {
      "line1": "fssgs",
      "line2": "gsgsg",
      "city": "sgsgsrg",
      "state": "sg",
      "pincode": "sgsggss"
    },
    "payment": {
      "method": "COD"
    },
    "status": "PLACED",
    "createdAt": "2026-01-01T17:50:55.380Z"
  },
  {
    "id": "o_Hyau4ueU9G",
    "items": [
      {
        "id": "p1",
        "name": "Apple iPhone 15 (128GB)",
        "price": 58999,
        "image": "/uploads/iphone.jpg",
        "qty": 1
      }
    ],
    "customer": {
      "fullName": "gsgsg",
      "phone": "3434343434",
      "email": "gsgssg"
    },
    "address": {
      "line1": "gdgdgd",
      "line2": "dggdgdg",
      "city": "gdgdgdg",
      "state": "srggg",
      "pincode": "s454"
    },
    "payment": {
      "method": "COD"
    },
    "status": "PLACED",
    "createdAt": "2026-01-01T17:20:28.116Z"
  },
  {
    "id": "o_GSGdysTG04",
    "items": [
      {
        "id": "p2",
        "name": "Samsung Galaxy S24 (256GB)",
        "price": 64999,
        "image": "/uploads/s24.jpg",
        "qty": 1
      }
    ],
    "customer": {
      "fullName": "gsg",
      "phone": "gsgsg",
      "email": "gsgsg"
    },
    "address": {
      "line1": "gsgs",
      "line2": "ggsgs",
      "city": "sgsgsg",
      "state": "gsgsgs",
      "pincode": "sgsgs"
    },
    "payment": {
      "method": "COD"
    },
    "status": "PLACED",
    "createdAt": "2026-01-01T16:52:50.684Z"
  },
  {
    "id": "o_QQ9Sz0EqNd",
    "items": [
      {
        "id": "p1",
        "name": "Apple iPhone 15 (128GB)",
        "price": 58999,
        "image": "/uploads/iphone.jpg",
        "qty": 2
      }
    ],
    "customer": {
      "fullName": "example",
      "phone": "example",
      "email": "example"
    },
    "address": {
      "line1": "gsg",
      "line2": "gs",
      "city": "gsgs",
      "state": "gsgs",
      "pincode": "gsgs343"
    },
    "payment": {
      "method": "UPI"
    },
    "status": "PLACED",
    "createdAt": "2026-01-01T10:31:51.554Z"
  },
  {
    "id": "o_aMX9u5j37Q",
    "items": [
      {
        "id": "p1",
        "name": "Apple iPhone 15 (128GB)",
        "price": 58999,
        "image": "/uploads/iphone.jpg",
        "qty": 2
      }
    ],
    "customer": {
      "fullName": "sample",
      "phone": "2930293298",
      "email": "sample@gmail.com"
    },
    "address": {
      "line1": "example",
      "line2": "example",
      "city": "bangalore",
      "state": "karnataka",
      "pincode": "573821"
    },
    "payment": {
      "method": "UPI"
    },
    "status": "PLACED",
    "createdAt": "2026-01-01T10:27:49.266Z"
  },
  {
    "id": "o_nM-wrlrsJR",
    "items": [
      {
        "id": "p1",
        "name": "Apple iPhone 15 (128GB)",
        "price": 58999,
        "image": "/uploads/iphone.jpg",
        "qty": 1
      }
    ],
    "customer": {
      "fullName": "hjgjg",
      "phone": "jgh",
      "email": "jgjg"
    },
    "address": {
      "line1": "jkgkg",
      "line2": "kgkg",
      "city": "fanfaf",
      "state": "kgkg",
      "pincode": "gkg"
    },
    "payment": {
      "method": "UPI"
    },
    "status": "PLACED",
    "createdAt": "2025-12-16T05:16:50.836Z"
  },
  {
    "id": "o_ylc3YP7AHr",
    "items": [
      {
        "id": "p1",
        "name": "Apple iPhone 15 (128GB)",
        "price": 58999,
        "image": "/uploads/iphone.jpg",
        "qty": 1
      }
    ],
    "customer": {
      "fullName": "knlhlh",
      "phone": "64464",
      "email": "fjfjfjf"
    },
    "address": {
      "line1": "dhdhd",
      "line2": "hdhdh",
      "city": "dhdhdh",
      "state": "",
      "pincode": "hdhdhd"
    },
    "payment": {
      "method": "UPI"
    },
    "status": "PLACED",
    "createdAt": "2025-12-16T04:39:43.108Z"
  }
]